"","kegg classifier","Detected versus pathway total ratio","kegg_pathwayname","pathwayId","Pval","Num_In_Path","Total_In_Path","Pval_FDR","Pval_Holm"
"1","1.6 Metabolism of other amino acids",0.130434782608696,"Selenocompound metabolism","map00450",0.0838574322364552,3,23,0.587002025655186,0.587002025655186
"2","1.3 Lipid metabolism",0.08,"Phospholipid Biosynthesis","map00564",0.338385491845142,2,25,0.891137958895044,1
"3","1.5 Amino acid metabolism",0.04,"Arginine and proline metabolism","map00330",0.730795652053859,2,50,0.891137958895044,1
"4","1.5 Amino acid metabolism",0.0392156862745098,"Methionine Metabolism","map00270",0.742141342230208,2,51,0.891137958895044,1
"5","1.5 Amino acid metabolism",0.0357142857142857,"Glycine, serine and threonine metabolism","map00260",0.793674280166321,2,56,0.891137958895044,1
"6","1.4 Nucleotide metabolism",0.0294117647058824,"Purine metabolism","map00230",0.885295868629624,2,68,0.891137958895044,1
"7","1.5 Amino acid metabolism",0.0289855072463768,"Tyrosine metabolism","map00350",0.891137958895044,2,69,0.891137958895044,1
